category,views,likes
Entertainment,1075000.0,28500.0
Music,1466666.6666666667,42333.333333333336
News,350000.0,9000.0
